schema_version,data_version,model,field_name,field_label,value,source_type,status,source_urls,source_scope,last_checked,valid_from,valid_to
1.0.0,2026-09-14.1,AV Access iDock C20,host_support,Host support,2 full-featured USB-C laptop inputs; Windows uses DP MST; macOS is supported but not for dual independent MST desktops.,official_specification,verified,"[""https://www.avaccess.com/products/idock-c20-kvm-switch-docking-station/"",""https://support.avaccess.com/doc/docly-documentation/""]",model_source_set,2026-09-13,2026-09-14,
1.0.0,2026-09-14.1,AV Access iDock C20,display_capability,Display capability,Windows: 2 × 4K @ 60Hz. macOS: two outputs can light but mirror rather than extend independently.,official_specification,verified,"[""https://www.avaccess.com/products/idock-c20-kvm-switch-docking-station/"",""https://support.avaccess.com/doc/docly-documentation/""]",model_source_set,2026-09-13,2026-09-14,
1.0.0,2026-09-14.1,AV Access iDock C20,display_interfaces,Display interfaces,2 × HDMI outputs.,official_specification,verified,"[""https://www.avaccess.com/products/idock-c20-kvm-switch-docking-station/"",""https://support.avaccess.com/doc/docly-documentation/""]",model_source_set,2026-09-13,2026-09-14,
1.0.0,2026-09-14.1,AV Access iDock C20,switching_method,Switching method,Panel button; wired remote switch button supported.,official_specification,verified,"[""https://www.avaccess.com/products/idock-c20-kvm-switch-docking-station/"",""https://support.avaccess.com/doc/docly-documentation/""]",model_source_set,2026-09-13,2026-09-14,
1.0.0,2026-09-14.1,AV Access iDock C20,keyboard_mouse_channel,Keyboard / mouse channel,Shared keyboard/mouse through USB; directly paired Bluetooth input does not automatically follow KVM switching.,official_specification,verified,"[""https://www.avaccess.com/products/idock-c20-kvm-switch-docking-station/"",""https://support.avaccess.com/doc/docly-documentation/""]",model_source_set,2026-09-13,2026-09-14,
1.0.0,2026-09-14.1,AV Access iDock C20,peripheral_usb_capability,Peripheral USB capability,2 × USB 3.0 5Gbps; 4 × USB 2.0 480Mbps; 1 × USB-C data 5Gbps.,official_specification,verified,"[""https://www.avaccess.com/products/idock-c20-kvm-switch-docking-station/"",""https://support.avaccess.com/doc/docly-documentation/""]",model_source_set,2026-09-13,2026-09-14,
1.0.0,2026-09-14.1,AV Access iDock C20,clamshell_support,Clamshell support,Yes; AV Access explicitly lists clamshell support.,official_specification,verified,"[""https://www.avaccess.com/products/idock-c20-kvm-switch-docking-station/"",""https://support.avaccess.com/doc/docly-documentation/""]",model_source_set,2026-09-13,2026-09-14,
1.0.0,2026-09-14.1,AV Access iDock C20,power_delivery,Power Delivery,60W USB-C charging per connected laptop; both hosts remain powered.,official_specification,verified,"[""https://www.avaccess.com/products/idock-c20-kvm-switch-docking-station/"",""https://support.avaccess.com/doc/docly-documentation/""]",model_source_set,2026-09-13,2026-09-14,
1.0.0,2026-09-14.1,AV Access iDock C20,known_non_working_combinations,Known non-working combinations,macOS cannot create two independent extended displays through the C20 MST path; the two monitors also cannot be split one-per-host while USB peripherals are shared.,official_specification,verified,"[""https://www.avaccess.com/products/idock-c20-kvm-switch-docking-station/"",""https://support.avaccess.com/doc/docly-documentation/""]",model_source_set,2026-09-13,2026-09-14,
1.0.0,2026-09-14.1,AV Access iDock C20,official_support_evidence,Official Support Evidence,"AV Access troubleshooting says MacBook dual displays through this MST path are mirrored rather than independently extended. It also says a 4K display falling to 1080p can depend on the laptop's simultaneous video-stream capability and the monitor port, and recommends lowering resolution/refresh rate when video fails. Source",official_support,verified,"[""https://support.avaccess.com/kvm-switches-and-docks/idock/idock-c20/troubleshootings/""]",record_source,2026-09-13,2026-09-14,
1.0.0,2026-09-14.1,AV Access iDock C20,public_user_report,Public User Report,未核到,public_user_report,pending,[],none,2026-09-13,2026-09-14,
1.0.0,2026-09-14.1,AV Access iDock C20,setupmeld_tested,SetupMeld Tested,未核到,setupmeld_tested,pending,[],none,2026-09-13,2026-09-14,
1.0.0,2026-09-14.1,ASUS ProArt PA278CGRV,host_support,Host support,USB-C host connection carries DisplayPort video and data; HDMI and DisplayPort inputs are also available.,official_specification,verified,"[""https://www.asus.com/us/displays-desktops/monitors/proart/proart-display-pa278cgrv/"",""https://www.asus.com/displays-desktops/monitors/proart/proart-display-pa278cgrv/techspec/""]",model_source_set,2026-09-13,2026-09-14,
1.0.0,2026-09-14.1,ASUS ProArt PA278CGRV,display_capability,Display capability,"Built-in panel: 1 × 2560 × 1440 @ up to 144Hz; DisplayPort daisy-chain output is supported, with downstream ceiling host-dependent.",official_specification,verified,"[""https://www.asus.com/us/displays-desktops/monitors/proart/proart-display-pa278cgrv/"",""https://www.asus.com/displays-desktops/monitors/proart/proart-display-pa278cgrv/techspec/""]",model_source_set,2026-09-13,2026-09-14,
1.0.0,2026-09-14.1,ASUS ProArt PA278CGRV,display_interfaces,Display interfaces,"HDMI 2.1, DisplayPort 1.4 DSC input/output, USB-C with DisplayPort support.",official_specification,verified,"[""https://www.asus.com/us/displays-desktops/monitors/proart/proart-display-pa278cgrv/"",""https://www.asus.com/displays-desktops/monitors/proart/proart-display-pa278cgrv/techspec/""]",model_source_set,2026-09-13,2026-09-14,
1.0.0,2026-09-14.1,ASUS ProArt PA278CGRV,switching_method,Switching method,Built-in Auto KVM.,official_specification,verified,"[""https://www.asus.com/us/displays-desktops/monitors/proart/proart-display-pa278cgrv/"",""https://www.asus.com/displays-desktops/monitors/proart/proart-display-pa278cgrv/techspec/""]",model_source_set,2026-09-13,2026-09-14,
1.0.0,2026-09-14.1,ASUS ProArt PA278CGRV,keyboard_mouse_channel,Keyboard / mouse channel,Keyboard and mouse share through the built-in USB hub when using KVM.,official_specification,verified,"[""https://www.asus.com/us/displays-desktops/monitors/proart/proart-display-pa278cgrv/"",""https://www.asus.com/displays-desktops/monitors/proart/proart-display-pa278cgrv/techspec/""]",model_source_set,2026-09-13,2026-09-14,
1.0.0,2026-09-14.1,ASUS ProArt PA278CGRV,peripheral_usb_capability,Peripheral USB capability,Built-in USB 3.2 hub.,official_specification,verified,"[""https://www.asus.com/us/displays-desktops/monitors/proart/proart-display-pa278cgrv/"",""https://www.asus.com/displays-desktops/monitors/proart/proart-display-pa278cgrv/techspec/""]",model_source_set,2026-09-13,2026-09-14,
1.0.0,2026-09-14.1,ASUS ProArt PA278CGRV,clamshell_support,Clamshell support,未核到,official_specification,not_verified,"[""https://www.asus.com/us/displays-desktops/monitors/proart/proart-display-pa278cgrv/"",""https://www.asus.com/displays-desktops/monitors/proart/proart-display-pa278cgrv/techspec/""]",model_source_set,2026-09-13,2026-09-14,
1.0.0,2026-09-14.1,ASUS ProArt PA278CGRV,power_delivery,Power Delivery,USB-C Power Delivery up to 96W.,official_specification,verified,"[""https://www.asus.com/us/displays-desktops/monitors/proart/proart-display-pa278cgrv/"",""https://www.asus.com/displays-desktops/monitors/proart/proart-display-pa278cgrv/techspec/""]",model_source_set,2026-09-13,2026-09-14,
1.0.0,2026-09-14.1,ASUS ProArt PA278CGRV,known_non_working_combinations,Known non-working combinations,未核到,official_specification,not_verified,"[""https://www.asus.com/us/displays-desktops/monitors/proart/proart-display-pa278cgrv/"",""https://www.asus.com/displays-desktops/monitors/proart/proart-display-pa278cgrv/techspec/""]",model_source_set,2026-09-13,2026-09-14,
1.0.0,2026-09-14.1,ASUS ProArt PA278CGRV,official_support_evidence,Official Support Evidence,ASUS's product FAQ requires one KVM host to use USB-C with DP Alt Mode; a second host using HDMI or DisplayPort also needs a separate USB upstream cable for keyboard/mouse switching. A video-only second-host cable is therefore not enough for KVM control. Source,official_support,verified,"[""https://www.asus.com/us/displays-desktops/monitors/proart/proart-display-pa278cgrv/""]",record_source,2026-09-13,2026-09-14,
1.0.0,2026-09-14.1,ASUS ProArt PA278CGRV,public_user_report,Public User Report,未核到,public_user_report,pending,[],none,2026-09-13,2026-09-14,
1.0.0,2026-09-14.1,ASUS ProArt PA278CGRV,setupmeld_tested,SetupMeld Tested,未核到,setupmeld_tested,pending,[],none,2026-09-13,2026-09-14,
1.0.0,2026-09-14.1,StarTech.com 129N-USBC-KVM-DOCK,host_support,Host support,"2 USB-C computers; DisplayLink-certified for Windows, macOS and ChromeOS.",official_specification,verified,"[""https://media.startech.com/cms/pdfs/129n-usbc-kvm-dock_datasheet.pdf"",""https://sgcdn.startech.com/005329/media/sets/129XX-USBC-KVM-DOCK_Manual/129N.UE-USBC-KVM-DOCK_REV1.pdf""]",model_source_set,2026-09-13,2026-09-14,
1.0.0,2026-09-14.1,StarTech.com 129N-USBC-KVM-DOCK,display_capability,Display capability,"2 × 4K @ 60Hz external displays, including extended dual displays on base Apple M-series MacBooks through DisplayLink.",official_specification,verified,"[""https://media.startech.com/cms/pdfs/129n-usbc-kvm-dock_datasheet.pdf"",""https://sgcdn.startech.com/005329/media/sets/129XX-USBC-KVM-DOCK_Manual/129N.UE-USBC-KVM-DOCK_REV1.pdf""]",model_source_set,2026-09-13,2026-09-14,
1.0.0,2026-09-14.1,StarTech.com 129N-USBC-KVM-DOCK,display_interfaces,Display interfaces,2 × DisplayPort outputs.,official_specification,verified,"[""https://media.startech.com/cms/pdfs/129n-usbc-kvm-dock_datasheet.pdf"",""https://sgcdn.startech.com/005329/media/sets/129XX-USBC-KVM-DOCK_Manual/129N.UE-USBC-KVM-DOCK_REV1.pdf""]",model_source_set,2026-09-13,2026-09-14,
1.0.0,2026-09-14.1,StarTech.com 129N-USBC-KVM-DOCK,switching_method,Switching method,Push button; downloadable hot-key software for Windows and macOS.,official_specification,verified,"[""https://media.startech.com/cms/pdfs/129n-usbc-kvm-dock_datasheet.pdf"",""https://sgcdn.startech.com/005329/media/sets/129XX-USBC-KVM-DOCK_Manual/129N.UE-USBC-KVM-DOCK_REV1.pdf""]",model_source_set,2026-09-13,2026-09-14,
1.0.0,2026-09-14.1,StarTech.com 129N-USBC-KVM-DOCK,keyboard_mouse_channel,Keyboard / mouse channel,2 × dedicated USB-A USB 2.0 HID ports.,official_specification,verified,"[""https://media.startech.com/cms/pdfs/129n-usbc-kvm-dock_datasheet.pdf"",""https://sgcdn.startech.com/005329/media/sets/129XX-USBC-KVM-DOCK_Manual/129N.UE-USBC-KVM-DOCK_REV1.pdf""]",model_source_set,2026-09-13,2026-09-14,
1.0.0,2026-09-14.1,StarTech.com 129N-USBC-KVM-DOCK,peripheral_usb_capability,Peripheral USB capability,"2 × USB-A + 1 × USB-C at USB 3.2 Gen 2 10Gbps, plus HID USB at 480Mbps.",official_specification,verified,"[""https://media.startech.com/cms/pdfs/129n-usbc-kvm-dock_datasheet.pdf"",""https://sgcdn.startech.com/005329/media/sets/129XX-USBC-KVM-DOCK_Manual/129N.UE-USBC-KVM-DOCK_REV1.pdf""]",model_source_set,2026-09-13,2026-09-14,
1.0.0,2026-09-14.1,StarTech.com 129N-USBC-KVM-DOCK,clamshell_support,Clamshell support,未核到,official_specification,not_verified,"[""https://media.startech.com/cms/pdfs/129n-usbc-kvm-dock_datasheet.pdf"",""https://sgcdn.startech.com/005329/media/sets/129XX-USBC-KVM-DOCK_Manual/129N.UE-USBC-KVM-DOCK_REV1.pdf""]",model_source_set,2026-09-13,2026-09-14,
1.0.0,2026-09-14.1,StarTech.com 129N-USBC-KVM-DOCK,power_delivery,Power Delivery,USB PD 3.0: 90W to active host and 45W to second host; both charge simultaneously.,official_specification,verified,"[""https://media.startech.com/cms/pdfs/129n-usbc-kvm-dock_datasheet.pdf"",""https://sgcdn.startech.com/005329/media/sets/129XX-USBC-KVM-DOCK_Manual/129N.UE-USBC-KVM-DOCK_REV1.pdf""]",model_source_set,2026-09-13,2026-09-14,
1.0.0,2026-09-14.1,StarTech.com 129N-USBC-KVM-DOCK,known_non_working_combinations,Known non-working combinations,未核到,official_specification,not_verified,"[""https://media.startech.com/cms/pdfs/129n-usbc-kvm-dock_datasheet.pdf"",""https://sgcdn.startech.com/005329/media/sets/129XX-USBC-KVM-DOCK_Manual/129N.UE-USBC-KVM-DOCK_REV1.pdf""]",model_source_set,2026-09-13,2026-09-14,
1.0.0,2026-09-14.1,StarTech.com 129N-USBC-KVM-DOCK,official_support_evidence,Official Support Evidence,"StarTech's DisplayLink support FAQ says macOS 10.15 or later requires DisplayLink Manager plus the required Screen Recording/accessibility permissions; if the app is not running or permissions are disabled, DisplayLink-driven external displays may not appear. Source",official_support,verified,"[""https://www.startech.com/en-eu/faq/displaylink-manager-app-on-macos""]",record_source,2026-09-13,2026-09-14,
1.0.0,2026-09-14.1,StarTech.com 129N-USBC-KVM-DOCK,public_user_report,Public User Report,"On StarTech's official IT Pro Community, a MacBook Pro M3 user reported the second DisplayLink monitor going black when Screen Recording permission was disabled; StarTech support explained that the permission is required for the virtual display path. This is a DisplayLink support case, not a 129N-specific reliability test. Source",public_user_report,verified,"[""https://community.startech.com/t/why-do-i-have-to-enable-screen-audio-recording-on-macos/971""]",record_source,2026-09-13,2026-09-14,
1.0.0,2026-09-14.1,StarTech.com 129N-USBC-KVM-DOCK,setupmeld_tested,SetupMeld Tested,未核到,setupmeld_tested,pending,[],none,2026-09-13,2026-09-14,
1.0.0,2026-09-14.1,Dell Thunderbolt Dock WD22TB4,host_support,Host support,"Thunderbolt hosts and USB-C hosts with DisplayPort Alt Mode; Dell lists Windows 10/11, Ubuntu 20.04+ and ChromeOS M107+.",official_specification,verified,"[""https://www.dell.com/support/manuals/en-us/wd22tb4-dock/dell_wd22tb4_userguide/display-resolution-table?guid=guid-fafc77a4-c95f-44df-92ad-608231d11cd9"",""https://www.dell.com/support/manuals/en-sg/wd22tb4-dock/dell_wd22tb4_userguide/product-specifications?guid=guid-bb63fcdf-357e-408c-82f1-c7c56e8d5b4e&lang=en-us""]",model_source_set,2026-09-13,2026-09-14,
1.0.0,2026-09-14.1,Dell Thunderbolt Dock WD22TB4,display_capability,Display capability,2 × 4K @ 60Hz on qualifying Thunderbolt/HBR3/DSC combinations; up to four external displays under specific bandwidth/topology conditions.,official_specification,verified,"[""https://www.dell.com/support/manuals/en-us/wd22tb4-dock/dell_wd22tb4_userguide/display-resolution-table?guid=guid-fafc77a4-c95f-44df-92ad-608231d11cd9"",""https://www.dell.com/support/manuals/en-sg/wd22tb4-dock/dell_wd22tb4_userguide/product-specifications?guid=guid-bb63fcdf-357e-408c-82f1-c7c56e8d5b4e&lang=en-us""]",model_source_set,2026-09-13,2026-09-14,
1.0.0,2026-09-14.1,Dell Thunderbolt Dock WD22TB4,display_interfaces,Display interfaces,"2 × DisplayPort 1.4, HDMI 2.0, MFDP USB-C and Thunderbolt 4 USB-C display paths.",official_specification,verified,"[""https://www.dell.com/support/manuals/en-us/wd22tb4-dock/dell_wd22tb4_userguide/display-resolution-table?guid=guid-fafc77a4-c95f-44df-92ad-608231d11cd9"",""https://www.dell.com/support/manuals/en-sg/wd22tb4-dock/dell_wd22tb4_userguide/product-specifications?guid=guid-bb63fcdf-357e-408c-82f1-c7c56e8d5b4e&lang=en-us""]",model_source_set,2026-09-13,2026-09-14,
1.0.0,2026-09-14.1,Dell Thunderbolt Dock WD22TB4,switching_method,Switching method,"Not a KVM; single-host dock, so switching hosts requires reconnecting upstream or a separate switching layer.",official_specification,verified,"[""https://www.dell.com/support/manuals/en-us/wd22tb4-dock/dell_wd22tb4_userguide/display-resolution-table?guid=guid-fafc77a4-c95f-44df-92ad-608231d11cd9"",""https://www.dell.com/support/manuals/en-sg/wd22tb4-dock/dell_wd22tb4_userguide/product-specifications?guid=guid-bb63fcdf-357e-408c-82f1-c7c56e8d5b4e&lang=en-us""]",model_source_set,2026-09-13,2026-09-14,
1.0.0,2026-09-14.1,Dell Thunderbolt Dock WD22TB4,keyboard_mouse_channel,Keyboard / mouse channel,Standard USB device path; no dedicated KVM keyboard/mouse channel listed.,official_specification,verified,"[""https://www.dell.com/support/manuals/en-us/wd22tb4-dock/dell_wd22tb4_userguide/display-resolution-table?guid=guid-fafc77a4-c95f-44df-92ad-608231d11cd9"",""https://www.dell.com/support/manuals/en-sg/wd22tb4-dock/dell_wd22tb4_userguide/product-specifications?guid=guid-bb63fcdf-357e-408c-82f1-c7c56e8d5b4e&lang=en-us""]",model_source_set,2026-09-13,2026-09-14,
1.0.0,2026-09-14.1,Dell Thunderbolt Dock WD22TB4,peripheral_usb_capability,Peripheral USB capability,3 × USB-A USB 3.2 Gen 1; USB-C Gen 2 data plus Thunderbolt 4 ports on compatible hosts.,official_specification,verified,"[""https://www.dell.com/support/manuals/en-us/wd22tb4-dock/dell_wd22tb4_userguide/display-resolution-table?guid=guid-fafc77a4-c95f-44df-92ad-608231d11cd9"",""https://www.dell.com/support/manuals/en-sg/wd22tb4-dock/dell_wd22tb4_userguide/product-specifications?guid=guid-bb63fcdf-357e-408c-82f1-c7c56e8d5b4e&lang=en-us""]",model_source_set,2026-09-13,2026-09-14,
1.0.0,2026-09-14.1,Dell Thunderbolt Dock WD22TB4,clamshell_support,Clamshell support,未核到,official_specification,not_verified,"[""https://www.dell.com/support/manuals/en-us/wd22tb4-dock/dell_wd22tb4_userguide/display-resolution-table?guid=guid-fafc77a4-c95f-44df-92ad-608231d11cd9"",""https://www.dell.com/support/manuals/en-sg/wd22tb4-dock/dell_wd22tb4_userguide/product-specifications?guid=guid-bb63fcdf-357e-408c-82f1-c7c56e8d5b4e&lang=en-us""]",model_source_set,2026-09-13,2026-09-14,
1.0.0,2026-09-14.1,Dell Thunderbolt Dock WD22TB4,power_delivery,Power Delivery,Up to 130W to supported Dell systems or 90W to non-Dell systems with the 180W adapter.,official_specification,verified,"[""https://www.dell.com/support/manuals/en-us/wd22tb4-dock/dell_wd22tb4_userguide/display-resolution-table?guid=guid-fafc77a4-c95f-44df-92ad-608231d11cd9"",""https://www.dell.com/support/manuals/en-sg/wd22tb4-dock/dell_wd22tb4_userguide/product-specifications?guid=guid-bb63fcdf-357e-408c-82f1-c7c56e8d5b4e&lang=en-us""]",model_source_set,2026-09-13,2026-09-14,
1.0.0,2026-09-14.1,Dell Thunderbolt Dock WD22TB4,known_non_working_combinations,Known non-working combinations,Rear HDMI and MFDP USB-C video paths are muxed and cannot both be used as simultaneous video outputs; non-Thunderbolt hosts lose Thunderbolt features.,official_specification,verified,"[""https://www.dell.com/support/manuals/en-us/wd22tb4-dock/dell_wd22tb4_userguide/display-resolution-table?guid=guid-fafc77a4-c95f-44df-92ad-608231d11cd9"",""https://www.dell.com/support/manuals/en-sg/wd22tb4-dock/dell_wd22tb4_userguide/product-specifications?guid=guid-bb63fcdf-357e-408c-82f1-c7c56e8d5b4e&lang=en-us""]",model_source_set,2026-09-13,2026-09-14,
1.0.0,2026-09-14.1,Dell Thunderbolt Dock WD22TB4,official_support_evidence,Official Support Evidence,"Dell troubleshooting says monitor count and resolution depend on the host graphics path; with Intel graphics plus the system LCD, only two displays may be supported, while discrete Nvidia/AMD configurations can support three external displays plus the system LCD. Dell also recommends a dock power-cycle sequence for flicker or USB failures. Source",official_support,verified,"[""https://www.dell.com/support/manuals/en-us/wd22tb4-dock/dell_wd22tb4_userguide/symptoms-and-solutions?guid=guid-8fe4355a-515f-4206-a6b4-2b1dfd1b6266""]",record_source,2026-09-13,2026-09-14,
1.0.0,2026-09-14.1,Dell Thunderbolt Dock WD22TB4,public_user_report,Public User Report,"A Dell Community WD22TB4 case reports dual-4K HBR2 behavior falling from 60Hz to 30Hz after reconnecting the dock, with connection-order workarounds discussed in the official community thread. Treat this as a user/support case, not a universal WD22TB4 fact. Source",public_user_report,verified,"[""https://www.dell.com/community/en/conversations/latitude/psa-wd22tb4-still-has-problem-with-dual-4k-monitors-on-hbr2-tb-systems/647f9d38f4ccf8a8de1764ed""]",record_source,2026-09-13,2026-09-14,
1.0.0,2026-09-14.1,Dell Thunderbolt Dock WD22TB4,setupmeld_tested,SetupMeld Tested,未核到,setupmeld_tested,pending,[],none,2026-09-13,2026-09-14,
1.0.0,2026-09-14.1,CalDigit TS4,host_support,Host support,"Thunderbolt 4/3, USB4 and USB-C computers; official minimums include macOS 11.4+ and Windows 10 20H2+.",official_specification,verified,"[""https://www.caldigit.com/thunderbolt-station-4/"",""https://www.caldigit.com/ts4-support/""]",model_source_set,2026-09-13,2026-09-14,
1.0.0,2026-09-14.1,CalDigit TS4,display_capability,Display capability,Windows / Intel Mac / ChromeOS: up to 2 × 4K @ 60Hz. M1 Pro/Max: up to 2 × 6K @ 60Hz. Original M1: one external display through Thunderbolt.,official_specification,verified,"[""https://www.caldigit.com/thunderbolt-station-4/"",""https://www.caldigit.com/ts4-support/""]",model_source_set,2026-09-13,2026-09-14,
1.0.0,2026-09-14.1,CalDigit TS4,display_interfaces,Display interfaces,DisplayPort 1.4 plus downstream Thunderbolt 4/USB4 display paths.,official_specification,verified,"[""https://www.caldigit.com/thunderbolt-station-4/"",""https://www.caldigit.com/ts4-support/""]",model_source_set,2026-09-13,2026-09-14,
1.0.0,2026-09-14.1,CalDigit TS4,switching_method,Switching method,Not a KVM; single-host dock with no host-switch control listed.,official_specification,verified,"[""https://www.caldigit.com/thunderbolt-station-4/"",""https://www.caldigit.com/ts4-support/""]",model_source_set,2026-09-13,2026-09-14,
1.0.0,2026-09-14.1,CalDigit TS4,keyboard_mouse_channel,Keyboard / mouse channel,Standard USB path; no dedicated KVM keyboard/mouse channel listed.,official_specification,verified,"[""https://www.caldigit.com/thunderbolt-station-4/"",""https://www.caldigit.com/ts4-support/""]",model_source_set,2026-09-13,2026-09-14,
1.0.0,2026-09-14.1,CalDigit TS4,peripheral_usb_capability,Peripheral USB capability,"5 × USB-A 10Gbps and 3 × USB-C 10Gbps, plus Thunderbolt 4 ports.",official_specification,verified,"[""https://www.caldigit.com/thunderbolt-station-4/"",""https://www.caldigit.com/ts4-support/""]",model_source_set,2026-09-13,2026-09-14,
1.0.0,2026-09-14.1,CalDigit TS4,clamshell_support,Clamshell support,未核到,official_specification,not_verified,"[""https://www.caldigit.com/thunderbolt-station-4/"",""https://www.caldigit.com/ts4-support/""]",model_source_set,2026-09-13,2026-09-14,
1.0.0,2026-09-14.1,CalDigit TS4,power_delivery,Power Delivery,Up to 98W host charging.,official_specification,verified,"[""https://www.caldigit.com/thunderbolt-station-4/"",""https://www.caldigit.com/ts4-support/""]",model_source_set,2026-09-13,2026-09-14,
1.0.0,2026-09-14.1,CalDigit TS4,known_non_working_combinations,Known non-working combinations,Original M1 Macs do not support dual external displays through TS4; USB-C hosts have reduced functionality and 2.5Gb Ethernet is Thunderbolt-host dependent.,official_specification,verified,"[""https://www.caldigit.com/thunderbolt-station-4/"",""https://www.caldigit.com/ts4-support/""]",model_source_set,2026-09-13,2026-09-14,
1.0.0,2026-09-14.1,CalDigit TS4,official_support_evidence,Official Support Evidence,"CalDigit's TS4 support knowledge base documents shared bandwidth groups: many USB ports share the same 10Gbps USB hub, while DisplayPort and downstream Thunderbolt ports share the same 40Gbps Thunderbolt bandwidth. High-bandwidth peripherals therefore compete within those groups rather than receiving dedicated bandwidth. Source",official_support,verified,"[""https://www.caldigit.com/ts4-interface-bandwidth-allocation-and-diagram/""]",record_source,2026-09-13,2026-09-14,
1.0.0,2026-09-14.1,CalDigit TS4,public_user_report,Public User Report,未核到,public_user_report,pending,[],none,2026-09-13,2026-09-14,
1.0.0,2026-09-14.1,CalDigit TS4,setupmeld_tested,SetupMeld Tested,未核到,setupmeld_tested,pending,[],none,2026-09-13,2026-09-14,
1.0.0,2026-09-14.1,Plugable UD-6950PDZ,host_support,Host support,"USB-C with DisplayPort Alt Mode, USB4 or Thunderbolt; Windows 10/11, macOS 11+ and ChromeOS 100+. Full display capability uses DisplayLink software.",official_specification,verified,"[""https://plugable.com/products/ud-6950pdz"",""https://kb.plugable.com/en_US/what-technology-drives-each-of-the-displays-outputs-within-the-ud-6950pdz-""]",model_source_set,2026-09-13,2026-09-14,
1.0.0,2026-09-14.1,Plugable UD-6950PDZ,display_capability,Display capability,Up to 3 × 4K @ 60Hz with a DP 1.4 host path; Display 2 and 3 use DisplayLink at up to 4K @ 60Hz each. DP 1.2 can limit Display 1 to 4K @ 30Hz.,official_specification,verified,"[""https://plugable.com/products/ud-6950pdz"",""https://kb.plugable.com/en_US/what-technology-drives-each-of-the-displays-outputs-within-the-ud-6950pdz-""]",model_source_set,2026-09-13,2026-09-14,
1.0.0,2026-09-14.1,Plugable UD-6950PDZ,display_interfaces,Display interfaces,3 HDMI/DisplayPort output pairs; choose one connector from each display pair.,official_specification,verified,"[""https://plugable.com/products/ud-6950pdz"",""https://kb.plugable.com/en_US/what-technology-drives-each-of-the-displays-outputs-within-the-ud-6950pdz-""]",model_source_set,2026-09-13,2026-09-14,
1.0.0,2026-09-14.1,Plugable UD-6950PDZ,switching_method,Switching method,Not a KVM; single-host dock with no host-switch control listed.,official_specification,verified,"[""https://plugable.com/products/ud-6950pdz"",""https://kb.plugable.com/en_US/what-technology-drives-each-of-the-displays-outputs-within-the-ud-6950pdz-""]",model_source_set,2026-09-13,2026-09-14,
1.0.0,2026-09-14.1,Plugable UD-6950PDZ,keyboard_mouse_channel,Keyboard / mouse channel,Standard USB path; no dedicated KVM keyboard/mouse channel listed.,official_specification,verified,"[""https://plugable.com/products/ud-6950pdz"",""https://kb.plugable.com/en_US/what-technology-drives-each-of-the-displays-outputs-within-the-ud-6950pdz-""]",model_source_set,2026-09-13,2026-09-14,
1.0.0,2026-09-14.1,Plugable UD-6950PDZ,peripheral_usb_capability,Peripheral USB capability,6 × USB-A USB 3.0 / 5Gbps.,official_specification,verified,"[""https://plugable.com/products/ud-6950pdz"",""https://kb.plugable.com/en_US/what-technology-drives-each-of-the-displays-outputs-within-the-ud-6950pdz-""]",model_source_set,2026-09-13,2026-09-14,
1.0.0,2026-09-14.1,Plugable UD-6950PDZ,clamshell_support,Clamshell support,未核到,official_specification,not_verified,"[""https://plugable.com/products/ud-6950pdz"",""https://kb.plugable.com/en_US/what-technology-drives-each-of-the-displays-outputs-within-the-ud-6950pdz-""]",model_source_set,2026-09-13,2026-09-14,
1.0.0,2026-09-14.1,Plugable UD-6950PDZ,power_delivery,Power Delivery,Current hardware revision: up to 100W USB-C PD; older units with the same model number may be the earlier 60W revision.,official_specification,verified,"[""https://plugable.com/products/ud-6950pdz"",""https://kb.plugable.com/en_US/what-technology-drives-each-of-the-displays-outputs-within-the-ud-6950pdz-""]",model_source_set,2026-09-13,2026-09-14,
1.0.0,2026-09-14.1,Plugable UD-6950PDZ,known_non_working_combinations,Known non-working combinations,"Plugable does not recommend this DisplayLink dock for Linux, gaming or graphics-heavy work; Lenovo ThinkPad P16 Gen 2 is listed as a currently incompatible/limited host combination.",official_specification,verified,"[""https://plugable.com/products/ud-6950pdz"",""https://kb.plugable.com/en_US/what-technology-drives-each-of-the-displays-outputs-within-the-ud-6950pdz-""]",model_source_set,2026-09-13,2026-09-14,
1.0.0,2026-09-14.1,Plugable UD-6950PDZ,official_support_evidence,Official Support Evidence,"Plugable says Night Light and display color calibration are not supported on the DisplayLink-controlled display pairs, does not recommend this DisplayLink dock for Linux, and lists the Lenovo ThinkPad P16 Gen 2 as an incompatible/limited host because different USB-C/TB ports expose different subsets of display and USB functions. Source",official_support,verified,"[""https://plugable.com/products/ud-6950pdz""]",record_source,2026-09-13,2026-09-14,
1.0.0,2026-09-14.1,Plugable UD-6950PDZ,public_user_report,Public User Report,"Plugable's official product/support page states that users have reported limited UD-6950PDZ compatibility on the ThinkPad P16 Gen 2 depending on which host port is used. This is vendor-published user-report evidence, not SetupMeld testing. Source",public_user_report,verified,"[""https://plugable.com/products/ud-6950pdz""]",record_source,2026-09-13,2026-09-14,
1.0.0,2026-09-14.1,Plugable UD-6950PDZ,setupmeld_tested,SetupMeld Tested,未核到,setupmeld_tested,pending,[],none,2026-09-13,2026-09-14,
1.0.0,2026-09-14.1,Anker 778 Thunderbolt Docking Station (A83A9),host_support,Host support,Requires Thunderbolt 4. Anker lists M1 Pro/Max support and excludes base M1/M2 MacBooks and ASUS laptops with AMD CPUs.,official_specification,verified,"[""https://service.anker.com/article-description/Introduction-to-Anker-778-Thunderbolt-Docking-Station-12-in-1-Thunderbolt-4?urlName=Introduction-to-Anker-778-Thunderbolt-Docking-Station-12-in-1-Thunderbolt-4"",""https://service.anker.com/article-description/What-display-resolution-and-refresh-rate-can-Anker-778-Thunderbolt-Docking-Station-12-in-1-Thunderbolt-4-support""]",model_source_set,2026-09-13,2026-09-14,
1.0.0,2026-09-14.1,Anker 778 Thunderbolt Docking Station (A83A9),display_capability,Display capability,Windows supports 2 × 4K @ 60Hz and additional higher-count combinations subject to host limits; macOS topology depends on the Mac chip.,official_specification,verified,"[""https://service.anker.com/article-description/Introduction-to-Anker-778-Thunderbolt-Docking-Station-12-in-1-Thunderbolt-4?urlName=Introduction-to-Anker-778-Thunderbolt-Docking-Station-12-in-1-Thunderbolt-4"",""https://service.anker.com/article-description/What-display-resolution-and-refresh-rate-can-Anker-778-Thunderbolt-Docking-Station-12-in-1-Thunderbolt-4-support""]",model_source_set,2026-09-13,2026-09-14,
1.0.0,2026-09-14.1,Anker 778 Thunderbolt Docking Station (A83A9),display_interfaces,Display interfaces,"1 × HDMI 2.1, 2 × DisplayPort and a downstream Thunderbolt display path.",official_specification,verified,"[""https://service.anker.com/article-description/Introduction-to-Anker-778-Thunderbolt-Docking-Station-12-in-1-Thunderbolt-4?urlName=Introduction-to-Anker-778-Thunderbolt-Docking-Station-12-in-1-Thunderbolt-4"",""https://service.anker.com/article-description/What-display-resolution-and-refresh-rate-can-Anker-778-Thunderbolt-Docking-Station-12-in-1-Thunderbolt-4-support""]",model_source_set,2026-09-13,2026-09-14,
1.0.0,2026-09-14.1,Anker 778 Thunderbolt Docking Station (A83A9),switching_method,Switching method,Not a KVM; single-host dock with no host-switch control listed.,official_specification,verified,"[""https://service.anker.com/article-description/Introduction-to-Anker-778-Thunderbolt-Docking-Station-12-in-1-Thunderbolt-4?urlName=Introduction-to-Anker-778-Thunderbolt-Docking-Station-12-in-1-Thunderbolt-4"",""https://service.anker.com/article-description/What-display-resolution-and-refresh-rate-can-Anker-778-Thunderbolt-Docking-Station-12-in-1-Thunderbolt-4-support""]",model_source_set,2026-09-13,2026-09-14,
1.0.0,2026-09-14.1,Anker 778 Thunderbolt Docking Station (A83A9),keyboard_mouse_channel,Keyboard / mouse channel,Standard USB path; no dedicated KVM keyboard/mouse channel listed.,official_specification,verified,"[""https://service.anker.com/article-description/Introduction-to-Anker-778-Thunderbolt-Docking-Station-12-in-1-Thunderbolt-4?urlName=Introduction-to-Anker-778-Thunderbolt-Docking-Station-12-in-1-Thunderbolt-4"",""https://service.anker.com/article-description/What-display-resolution-and-refresh-rate-can-Anker-778-Thunderbolt-Docking-Station-12-in-1-Thunderbolt-4-support""]",model_source_set,2026-09-13,2026-09-14,
1.0.0,2026-09-14.1,Anker 778 Thunderbolt Docking Station (A83A9),peripheral_usb_capability,Peripheral USB capability,2 × USB-A 3.2 Gen 1 5Gbps; 2 × USB-A 2.0 480Mbps; 2 × USB-C 3.2 Gen 2 10Gbps.,official_specification,verified,"[""https://service.anker.com/article-description/Introduction-to-Anker-778-Thunderbolt-Docking-Station-12-in-1-Thunderbolt-4?urlName=Introduction-to-Anker-778-Thunderbolt-Docking-Station-12-in-1-Thunderbolt-4"",""https://service.anker.com/article-description/What-display-resolution-and-refresh-rate-can-Anker-778-Thunderbolt-Docking-Station-12-in-1-Thunderbolt-4-support""]",model_source_set,2026-09-13,2026-09-14,
1.0.0,2026-09-14.1,Anker 778 Thunderbolt Docking Station (A83A9),clamshell_support,Clamshell support,未核到,official_specification,not_verified,"[""https://service.anker.com/article-description/Introduction-to-Anker-778-Thunderbolt-Docking-Station-12-in-1-Thunderbolt-4?urlName=Introduction-to-Anker-778-Thunderbolt-Docking-Station-12-in-1-Thunderbolt-4"",""https://service.anker.com/article-description/What-display-resolution-and-refresh-rate-can-Anker-778-Thunderbolt-Docking-Station-12-in-1-Thunderbolt-4-support""]",model_source_set,2026-09-13,2026-09-14,
1.0.0,2026-09-14.1,Anker 778 Thunderbolt Docking Station (A83A9),power_delivery,Power Delivery,"USB PD 3.0 up to 100W; when both 30W USB-C charging ports are used, Anker states laptop output can fall to 65W.",official_specification,verified,"[""https://service.anker.com/article-description/Introduction-to-Anker-778-Thunderbolt-Docking-Station-12-in-1-Thunderbolt-4?urlName=Introduction-to-Anker-778-Thunderbolt-Docking-Station-12-in-1-Thunderbolt-4"",""https://service.anker.com/article-description/What-display-resolution-and-refresh-rate-can-Anker-778-Thunderbolt-Docking-Station-12-in-1-Thunderbolt-4-support""]",model_source_set,2026-09-13,2026-09-14,
1.0.0,2026-09-14.1,Anker 778 Thunderbolt Docking Station (A83A9),known_non_working_combinations,Known non-working combinations,Not compatible with base M1/M2 MacBooks or ASUS laptops using AMD CPUs.,official_specification,verified,"[""https://service.anker.com/article-description/Introduction-to-Anker-778-Thunderbolt-Docking-Station-12-in-1-Thunderbolt-4?urlName=Introduction-to-Anker-778-Thunderbolt-Docking-Station-12-in-1-Thunderbolt-4"",""https://service.anker.com/article-description/What-display-resolution-and-refresh-rate-can-Anker-778-Thunderbolt-Docking-Station-12-in-1-Thunderbolt-4-support""]",model_source_set,2026-09-13,2026-09-14,
1.0.0,2026-09-14.1,Anker 778 Thunderbolt Docking Station (A83A9),official_support_evidence,Official Support Evidence,"Anker's exact-model FAQ says the host must support Thunderbolt 4, the dock is not compatible with base M1/M2 MacBooks, and laptop charging can fall from the advertised 100W maximum to 65W when both 30W USB-C charging ports are used. Source",official_support,verified,"[""https://service.anker.com/article-description/Anker-778-Thunderbolt-Docking-Station-12-in-1-Thunderbolt-4-FAQ?urlName=Anker-778-Thunderbolt-Docking-Station-12-in-1-Thunderbolt-4-FAQ""]",record_source,2026-09-13,2026-09-14,
1.0.0,2026-09-14.1,Anker 778 Thunderbolt Docking Station (A83A9),public_user_report,Public User Report,未核到,public_user_report,pending,[],none,2026-09-13,2026-09-14,
1.0.0,2026-09-14.1,Anker 778 Thunderbolt Docking Station (A83A9),setupmeld_tested,SetupMeld Tested,未核到,setupmeld_tested,pending,[],none,2026-09-13,2026-09-14,
1.0.0,2026-09-14.1,UGREEN Revodok Max 213,host_support,Host support,"Thunderbolt 4/3, USB4 and full-function USB-C hosts; Windows 10+ and macOS 11.4+ are listed, with reduced display capability on some hosts.",official_specification,verified,"[""https://www.ugreen.com/en-ca/products/ca-25054a"",""https://www.ugreen.com/pages/revodok-series""]",model_source_set,2026-09-13,2026-09-14,
1.0.0,2026-09-14.1,UGREEN Revodok Max 213,display_capability,Display capability,Windows and supported Intel/Pro/Max Macs: up to 2 × 4K @ 60Hz. Base M1/M2/M3 Macs: 1 × 4K @ 60Hz. Full-function USB-C: one display.,official_specification,verified,"[""https://www.ugreen.com/en-ca/products/ca-25054a"",""https://www.ugreen.com/pages/revodok-series""]",model_source_set,2026-09-13,2026-09-14,
1.0.0,2026-09-14.1,UGREEN Revodok Max 213,display_interfaces,Display interfaces,DisplayPort 1.4 plus 2 × downstream Thunderbolt 4 display-capable ports.,official_specification,verified,"[""https://www.ugreen.com/en-ca/products/ca-25054a"",""https://www.ugreen.com/pages/revodok-series""]",model_source_set,2026-09-13,2026-09-14,
1.0.0,2026-09-14.1,UGREEN Revodok Max 213,switching_method,Switching method,Not a KVM; single-host dock with no host-switch control listed.,official_specification,verified,"[""https://www.ugreen.com/en-ca/products/ca-25054a"",""https://www.ugreen.com/pages/revodok-series""]",model_source_set,2026-09-13,2026-09-14,
1.0.0,2026-09-14.1,UGREEN Revodok Max 213,keyboard_mouse_channel,Keyboard / mouse channel,Standard USB path; no dedicated KVM keyboard/mouse channel listed.,official_specification,verified,"[""https://www.ugreen.com/en-ca/products/ca-25054a"",""https://www.ugreen.com/pages/revodok-series""]",model_source_set,2026-09-13,2026-09-14,
1.0.0,2026-09-14.1,UGREEN Revodok Max 213,peripheral_usb_capability,Peripheral USB capability,"1 × USB-C 10Gbps; 2 × USB-A 10Gbps; 2 × USB-A 5Gbps, plus Thunderbolt 4 data ports.",official_specification,verified,"[""https://www.ugreen.com/en-ca/products/ca-25054a"",""https://www.ugreen.com/pages/revodok-series""]",model_source_set,2026-09-13,2026-09-14,
1.0.0,2026-09-14.1,UGREEN Revodok Max 213,clamshell_support,Clamshell support,未核到,official_specification,not_verified,"[""https://www.ugreen.com/en-ca/products/ca-25054a"",""https://www.ugreen.com/pages/revodok-series""]",model_source_set,2026-09-13,2026-09-14,
1.0.0,2026-09-14.1,UGREEN Revodok Max 213,power_delivery,Power Delivery,Up to 90W laptop charging from the included 180W power supply.,official_specification,verified,"[""https://www.ugreen.com/en-ca/products/ca-25054a"",""https://www.ugreen.com/pages/revodok-series""]",model_source_set,2026-09-13,2026-09-14,
1.0.0,2026-09-14.1,UGREEN Revodok Max 213,known_non_working_combinations,Known non-working combinations,Full-function USB-C hosts support only one display; UGREEN also lists the 2018 Intel Mac mini as incompatible.,official_specification,verified,"[""https://www.ugreen.com/en-ca/products/ca-25054a"",""https://www.ugreen.com/pages/revodok-series""]",model_source_set,2026-09-13,2026-09-14,
1.0.0,2026-09-14.1,UGREEN Revodok Max 213,official_support_evidence,Official Support Evidence,"UGREEN's exact-model compatibility notes say full-function USB-C hosts support only one external display, base M1/M2/M3 Macs support a single 4K@60Hz display, Intel Mac mini 2018 is not compatible, and the dock must be connected to power to function. Source",official_support,verified,"[""https://www.ugreen.com/en-ca/products/ca-25054a""]",record_source,2026-09-13,2026-09-14,
1.0.0,2026-09-14.1,UGREEN Revodok Max 213,public_user_report,Public User Report,未核到,public_user_report,pending,[],none,2026-09-13,2026-09-14,
1.0.0,2026-09-14.1,UGREEN Revodok Max 213,setupmeld_tested,SetupMeld Tested,未核到,setupmeld_tested,pending,[],none,2026-09-13,2026-09-14,
